,Goal,Target,Indicator,SeriesCode,SeriesDescription,GeoAreaCode,GeoAreaName,TimePeriod,Value,Time_Detail,Source,FootNote,Nature,Reporting Type,Sex,Units
53057,1,1.4,1.4.2,SP_LGL_LNDDOC,"Proportion of people with legally recognized documentation of their rights to land out of total adult population, by sex (%)",8,Albania,2018,36.4,2018,Demographic and Health Survey,Total population is restricted to household head and wife due to data limitations.,E,G,BOTHSEX,PERCENT
53058,1,1.4,1.4.2,SP_LGL_LNDDOC,"Proportion of people with legally recognized documentation of their rights to land out of total adult population, by sex (%)",8,Albania,2018,21.9,2018,Demographic and Health Survey,Documented rights are issued either indivdiually or jointly. Total population is restricted to household head and wife due to data limitations.,E,G,FEMALE,PERCENT
53059,1,1.4,1.4.2,SP_LGL_LNDDOC,"Proportion of people with legally recognized documentation of their rights to land out of total adult population, by sex (%)",51,Armenia,2016,29.7,2016,Demographic and Health Survey,Documented rights are issued either indivdiually or jointly. Total population is restricted to household head and wife due to data limitations.,E,G,FEMALE,PERCENT
53060,1,1.4,1.4.2,SP_LGL_LNDDOC,"Proportion of people with legally recognized documentation of their rights to land out of total adult population, by sex (%)",51,Armenia,2016,41.9,2016,Demographic and Health Survey,Total population is restricted to household head and wife due to data limitations.,E,G,BOTHSEX,PERCENT
53061,1,1.4,1.4.2,SP_LGL_LNDDOC,"Proportion of people with legally recognized documentation of their rights to land out of total adult population, by sex (%)",56,Belgium,2011,54.3,2011,Administrative data,Documented rights are issued either indivdiually or jointly. Total population is restricted to household head and wife due to data limitations.,E,G,FEMALE,PERCENT
53062,1,1.4,1.4.2,SP_LGL_LNDDOC,"Proportion of people with legally recognized documentation of their rights to land out of total adult population, by sex (%)",56,Belgium,2011,94.8,2011,Administrative data,Total population is restricted to household head and wife due to data limitations.,E,G,BOTHSEX,PERCENT
53063,1,1.4,1.4.2,SP_LGL_LNDDOC,"Proportion of people with legally recognized documentation of their rights to land out of total adult population, by sex (%)",108,Burundi,2016,7.8,2016,Demographic and Health Survey,Total population is restricted to household head and wife due to data limitations.,E,G,BOTHSEX,PERCENT
53064,1,1.4,1.4.2,SP_LGL_LNDDOC,"Proportion of people with legally recognized documentation of their rights to land out of total adult population, by sex (%)",108,Burundi,2016,3.6,2016,Demographic and Health Survey,Documented rights are issued either indivdiually or jointly. Total population is restricted to household head and wife due to data limitations.,E,G,FEMALE,PERCENT
53065,1,1.4,1.4.2,SP_LGL_LNDDOC,"Proportion of people with legally recognized documentation of their rights to land out of total adult population, by sex (%)",120,Cameroon,2018,2.7,2018,Demographic and Health Survey,Documented rights are issued either indivdiually or jointly. Total population is restricted to household head and wife due to data limitations.,E,G,FEMALE,PERCENT
53066,1,1.4,1.4.2,SP_LGL_LNDDOC,"Proportion of people with legally recognized documentation of their rights to land out of total adult population, by sex (%)",120,Cameroon,2018,9.8,2018,Demographic and Health Survey,Total population is restricted to household head and wife due to data limitations.,E,G,BOTHSEX,PERCENT
53067,1,1.4,1.4.2,SP_LGL_LNDDOC,"Proportion of people with legally recognized documentation of their rights to land out of total adult population, by sex (%)",188,Costa Rica,2011,100.0,2011,Administrative data,Total population is restricted to household head and wife due to data limitations.,E,G,BOTHSEX,PERCENT
53068,1,1.4,1.4.2,SP_LGL_LNDDOC,"Proportion of people with legally recognized documentation of their rights to land out of total adult population, by sex (%)",204,Benin,2018,10.0,2018,UEMOA CIV1,Documented rights are issued either indivdiually or jointly. Total population is restricted to household head and wife due to data limitations.,E,G,FEMALE,PERCENT
53069,1,1.4,1.4.2,SP_LGL_LNDDOC,"Proportion of people with legally recognized documentation of their rights to land out of total adult population, by sex (%)",204,Benin,2018,17.1,2018,UEMOA CIV1,Total population is restricted to household head and wife due to data limitations.,E,G,BOTHSEX,PERCENT
53070,1,1.4,1.4.2,SP_LGL_LNDDOC,"Proportion of people with legally recognized documentation of their rights to land out of total adult population, by sex (%)",231,Ethiopia,2016,32.2,2016,Demographic and Health Survey,Total population is restricted to household head and wife due to data limitations.,E,G,BOTHSEX,PERCENT
53071,1,1.4,1.4.2,SP_LGL_LNDDOC,"Proportion of people with legally recognized documentation of their rights to land out of total adult population, by sex (%)",231,Ethiopia,2016,18.0,2016,Demographic and Health Survey,Documented rights are issued either indivdiually or jointly. Total population is restricted to household head and wife due to data limitations.,E,G,FEMALE,PERCENT
53072,1,1.4,1.4.2,SP_LGL_LNDDOC,"Proportion of people with legally recognized documentation of their rights to land out of total adult population, by sex (%)",324,Guinea,2018,16.5,2018,Demographic and Health Survey,Total population is restricted to household head and wife due to data limitations.,E,G,BOTHSEX,PERCENT
53073,1,1.4,1.4.2,SP_LGL_LNDDOC,"Proportion of people with legally recognized documentation of their rights to land out of total adult population, by sex (%)",324,Guinea,2018,6.6,2018,Demographic and Health Survey,Documented rights are issued either indivdiually or jointly. Total population is restricted to household head and wife due to data limitations.,E,G,FEMALE,PERCENT
53074,1,1.4,1.4.2,SP_LGL_LNDDOC,"Proportion of people with legally recognized documentation of their rights to land out of total adult population, by sex (%)",360,Indonesia,2017,45.8,2017,Demographic and Health Survey,Total population is restricted to household head and wife due to data limitations.,E,G,BOTHSEX,PERCENT
53075,1,1.4,1.4.2,SP_LGL_LNDDOC,"Proportion of people with legally recognized documentation of their rights to land out of total adult population, by sex (%)",360,Indonesia,2017,12.0,2017,Demographic and Health Survey,Documented rights are issued either indivdiually or jointly. Total population is restricted to household head and wife due to data limitations.,E,G,FEMALE,PERCENT
53076,1,1.4,1.4.2,SP_LGL_LNDDOC,"Proportion of people with legally recognized documentation of their rights to land out of total adult population, by sex (%)",384,C么te d'Ivoire,2018,9.0,2018,UEMOA CIV1,Documented rights are issued either indivdiually or jointly. Total population is restricted to household head and wife due to data limitations.,E,G,FEMALE,PERCENT
53077,1,1.4,1.4.2,SP_LGL_LNDDOC,"Proportion of people with legally recognized documentation of their rights to land out of total adult population, by sex (%)",384,C么te d'Ivoire,2018,17.9,2018,UEMOA CIV1,Total population is restricted to household head and wife due to data limitations.,E,G,BOTHSEX,PERCENT
53078,1,1.4,1.4.2,SP_LGL_LNDDOC,"Proportion of people with legally recognized documentation of their rights to land out of total adult population, by sex (%)",410,Republic of Korea,2016,100.0,2016,Administrative data,Total population is restricted to household head and wife due to data limitations.,E,G,BOTHSEX,PERCENT
53079,1,1.4,1.4.2,SP_LGL_LNDDOC,"Proportion of people with legally recognized documentation of their rights to land out of total adult population, by sex (%)",426,Lesotho,2013,61.1,2013,MCC/SHPS,Total population is restricted to household head and wife due to data limitations.,E,G,BOTHSEX,PERCENT
53080,1,1.4,1.4.2,SP_LGL_LNDDOC,"Proportion of people with legally recognized documentation of their rights to land out of total adult population, by sex (%)",454,Malawi,2015,1.9,2015,NBS,Total population is restricted to household head and wife due to data limitations.,E,G,BOTHSEX,PERCENT
53081,1,1.4,1.4.2,SP_LGL_LNDDOC,"Proportion of people with legally recognized documentation of their rights to land out of total adult population, by sex (%)",454,Malawi,2015,22.6,2015,NBS,Documented rights are issued either indivdiually or jointly. Total population is restricted to household head and wife due to data limitations.,E,G,FEMALE,PERCENT
53082,1,1.4,1.4.2,SP_LGL_LNDDOC,"Proportion of people with legally recognized documentation of their rights to land out of total adult population, by sex (%)",466,Mali,2018,26.9,2018,UEMOA CIV1,Total population is restricted to household head and wife due to data limitations.,E,G,BOTHSEX,PERCENT
53083,1,1.4,1.4.2,SP_LGL_LNDDOC,"Proportion of people with legally recognized documentation of their rights to land out of total adult population, by sex (%)",466,Mali,2018,11.4,2018,UEMOA CIV1,Documented rights are issued either indivdiually or jointly. Total population is restricted to household head and wife due to data limitations.,E,G,FEMALE,PERCENT
53084,1,1.4,1.4.2,SP_LGL_LNDDOC,"Proportion of people with legally recognized documentation of their rights to land out of total adult population, by sex (%)",496,Mongolia,2012,26.8,2012,MCC-SHPS,Documented rights are issued either indivdiually or jointly. Total population is restricted to household head and wife due to data limitations.,E,G,FEMALE,PERCENT
53085,1,1.4,1.4.2,SP_LGL_LNDDOC,"Proportion of people with legally recognized documentation of their rights to land out of total adult population, by sex (%)",496,Mongolia,2012,65.4,2012,MCC-SHPS,Total population is restricted to household head and wife due to data limitations.,E,G,BOTHSEX,PERCENT
53086,1,1.4,1.4.2,SP_LGL_LNDDOC,"Proportion of people with legally recognized documentation of their rights to land out of total adult population, by sex (%)",508,Mozambique,2011,49.8,2011,INE,Total population is restricted to household head and wife due to data limitations.,E,G,BOTHSEX,PERCENT
53087,1,1.4,1.4.2,SP_LGL_LNDDOC,"Proportion of people with legally recognized documentation of their rights to land out of total adult population, by sex (%)",508,Mozambique,2011,11.2,2011,INE,Documented rights are issued either indivdiually or jointly. Total population is restricted to household head and wife due to data limitations.,E,G,FEMALE,PERCENT
53088,1,1.4,1.4.2,SP_LGL_LNDDOC,"Proportion of people with legally recognized documentation of their rights to land out of total adult population, by sex (%)",528,Netherlands,2011,64.0,2011,Administrative data,Documented rights are issued either indivdiually or jointly. Total population is restricted to household head and wife due to data limitations.,E,G,FEMALE,PERCENT
53089,1,1.4,1.4.2,SP_LGL_LNDDOC,"Proportion of people with legally recognized documentation of their rights to land out of total adult population, by sex (%)",528,Netherlands,2011,100.0,2011,Administrative data,Total population is restricted to household head and wife due to data limitations.,E,G,BOTHSEX,PERCENT
53090,1,1.4,1.4.2,SP_LGL_LNDDOC,"Proportion of people with legally recognized documentation of their rights to land out of total adult population, by sex (%)",554,New Zealand,2013,99.0,2013,Administrative data,Total population is restricted to household head and wife due to data limitations.,E,G,BOTHSEX,PERCENT
53091,1,1.4,1.4.2,SP_LGL_LNDDOC,"Proportion of people with legally recognized documentation of their rights to land out of total adult population, by sex (%)",562,Niger,2018,12.8,2018,UEMOA CIV1,Total population is restricted to household head and wife due to data limitations.,E,G,BOTHSEX,PERCENT
53092,1,1.4,1.4.2,SP_LGL_LNDDOC,"Proportion of people with legally recognized documentation of their rights to land out of total adult population, by sex (%)",562,Niger,2018,1.8,2018,UEMOA CIV1,Documented rights are issued either indivdiually or jointly. Total population is restricted to household head and wife due to data limitations.,E,G,FEMALE,PERCENT
53093,1,1.4,1.4.2,SP_LGL_LNDDOC,"Proportion of people with legally recognized documentation of their rights to land out of total adult population, by sex (%)",566,Nigeria,2013,2.1,2013,NBS,Total population is restricted to household head and wife due to data limitations.,E,G,BOTHSEX,PERCENT
53094,1,1.4,1.4.2,SP_LGL_LNDDOC,"Proportion of people with legally recognized documentation of their rights to land out of total adult population, by sex (%)",566,Nigeria,2013,16.2,2013,NBS,Documented rights are issued either indivdiually or jointly. Total population is restricted to household head and wife due to data limitations.,E,G,FEMALE,PERCENT
53095,1,1.4,1.4.2,SP_LGL_LNDDOC,"Proportion of people with legally recognized documentation of their rights to land out of total adult population, by sex (%)",566,Nigeria,2018,3.4,2018,Demographic and Health Survey,Documented rights are issued either indivdiually or jointly. Total population is restricted to household head and wife due to data limitations.,E,G,FEMALE,PERCENT
53096,1,1.4,1.4.2,SP_LGL_LNDDOC,"Proportion of people with legally recognized documentation of their rights to land out of total adult population, by sex (%)",566,Nigeria,2018,7.7,2018,Demographic and Health Survey,Total population is restricted to household head and wife due to data limitations.,E,G,BOTHSEX,PERCENT
53097,1,1.4,1.4.2,SP_LGL_LNDDOC,"Proportion of people with legally recognized documentation of their rights to land out of total adult population, by sex (%)",586,Pakistan,2018,9.8,2018,Demographic and Health Survey,Total population is restricted to household head and wife due to data limitations.,E,G,BOTHSEX,PERCENT
53098,1,1.4,1.4.2,SP_LGL_LNDDOC,"Proportion of people with legally recognized documentation of their rights to land out of total adult population, by sex (%)",586,Pakistan,2018,1.5,2018,Demographic and Health Survey,Documented rights are issued either indivdiually or jointly. Total population is restricted to household head and wife due to data limitations.,E,G,FEMALE,PERCENT
53099,1,1.4,1.4.2,SP_LGL_LNDDOC,"Proportion of people with legally recognized documentation of their rights to land out of total adult population, by sex (%)",624,Guinea-Bissau,2018,21.7,2018,UEMOA CIV1,Total population is restricted to household head and wife due to data limitations.,E,G,BOTHSEX,PERCENT
53100,1,1.4,1.4.2,SP_LGL_LNDDOC,"Proportion of people with legally recognized documentation of their rights to land out of total adult population, by sex (%)",624,Guinea-Bissau,2018,21.2,2018,UEMOA CIV1,Documented rights are issued either indivdiually or jointly. Total population is restricted to household head and wife due to data limitations.,E,G,FEMALE,PERCENT
53101,1,1.4,1.4.2,SP_LGL_LNDDOC,"Proportion of people with legally recognized documentation of their rights to land out of total adult population, by sex (%)",646,Rwanda,2015,85.8,2015,LSMS-ISA,Total population is restricted to household head and wife due to data limitations.,E,G,BOTHSEX,PERCENT
53102,1,1.4,1.4.2,SP_LGL_LNDDOC,"Proportion of people with legally recognized documentation of their rights to land out of total adult population, by sex (%)",646,Rwanda,2015,86.4,2015,LSMS-ISA,Documented rights are issued either indivdiually or jointly. Total population is restricted to household head and wife due to data limitations.,E,G,FEMALE,PERCENT
53103,1,1.4,1.4.2,SP_LGL_LNDDOC,"Proportion of people with legally recognized documentation of their rights to land out of total adult population, by sex (%)",686,Senegal,2018,39.9,2018,UEMOA CIV1,Total population is restricted to household head and wife due to data limitations.,E,G,BOTHSEX,PERCENT
53104,1,1.4,1.4.2,SP_LGL_LNDDOC,"Proportion of people with legally recognized documentation of their rights to land out of total adult population, by sex (%)",686,Senegal,2018,22.4,2018,UEMOA CIV1,Documented rights are issued either indivdiually or jointly. Total population is restricted to household head and wife due to data limitations.,E,G,FEMALE,PERCENT
53105,1,1.4,1.4.2,SP_LGL_LNDDOC,"Proportion of people with legally recognized documentation of their rights to land out of total adult population, by sex (%)",710,South Africa,2016,15.8,2016,Demographic and Health Survey,Population is restricted to urban household head and wife due to data limitations.,E,G,BOTHSEX,PERCENT
53106,1,1.4,1.4.2,SP_LGL_LNDDOC,"Proportion of people with legally recognized documentation of their rights to land out of total adult population, by sex (%)",710,South Africa,2016,10.6,2016,Demographic and Health Survey,Population is restricted to urban household head and wife due to data limitations.,E,G,FEMALE,PERCENT
53107,1,1.4,1.4.2,SP_LGL_LNDDOC,"Proportion of people with legally recognized documentation of their rights to land out of total adult population, by sex (%)",716,Zimbabwe,2015,8.2,2015,Demographic and Health Survey,Documented rights are issued either indivdiually or jointly. Total population is restricted to household head and wife due to data limitations.,E,G,FEMALE,PERCENT
53108,1,1.4,1.4.2,SP_LGL_LNDDOC,"Proportion of people with legally recognized documentation of their rights to land out of total adult population, by sex (%)",716,Zimbabwe,2015,21.4,2015,Demographic and Health Survey,Total population is restricted to household head and wife due to data limitations.,E,G,BOTHSEX,PERCENT
53109,1,1.4,1.4.2,SP_LGL_LNDDOC,"Proportion of people with legally recognized documentation of their rights to land out of total adult population, by sex (%)",752,Sweden,2011,99.3,2011,Administrative data,Total population is restricted to household head and wife due to data limitations.,E,G,BOTHSEX,PERCENT
53110,1,1.4,1.4.2,SP_LGL_LNDDOC,"Proportion of people with legally recognized documentation of their rights to land out of total adult population, by sex (%)",752,Sweden,2011,30.2,2011,Administrative data,Documented rights are issued either indivdiually or jointly. Total population is restricted to household head and wife due to data limitations.,E,G,FEMALE,PERCENT
53111,1,1.4,1.4.2,SP_LGL_LNDDOC,"Proportion of people with legally recognized documentation of their rights to land out of total adult population, by sex (%)",768,Togo,2018,9.2,2018,UEMOA CIV1,Total population is restricted to household head and wife due to data limitations.,E,G,BOTHSEX,PERCENT
53112,1,1.4,1.4.2,SP_LGL_LNDDOC,"Proportion of people with legally recognized documentation of their rights to land out of total adult population, by sex (%)",768,Togo,2018,29.2,2018,UEMOA CIV1,Documented rights are issued either indivdiually or jointly. Total population is restricted to household head and wife due to data limitations.,E,G,FEMALE,PERCENT
53113,1,1.4,1.4.2,SP_LGL_LNDDOC,"Proportion of people with legally recognized documentation of their rights to land out of total adult population, by sex (%)",800,Uganda,2014,52.5,2014,LSMS-ISA,Documented rights are issued either indivdiually or jointly. Total population is restricted to household head and wife due to data limitations.,E,G,FEMALE,PERCENT
53114,1,1.4,1.4.2,SP_LGL_LNDDOC,"Proportion of people with legally recognized documentation of their rights to land out of total adult population, by sex (%)",800,Uganda,2014,8.0,2014,LSMS-ISA,Total population is restricted to household head and wife due to data limitations.,E,G,BOTHSEX,PERCENT
53115,1,1.4,1.4.2,SP_LGL_LNDDOC,"Proportion of people with legally recognized documentation of their rights to land out of total adult population, by sex (%)",834,United Republic of Tanzania,2013,25.0,2013,LSMS-ISA,Total population is restricted to household head and wife due to data limitations.,E,G,BOTHSEX,PERCENT
53116,1,1.4,1.4.2,SP_LGL_LNDDOC,"Proportion of people with legally recognized documentation of their rights to land out of total adult population, by sex (%)",834,United Republic of Tanzania,2013,33.9,2013,LSMS-ISA,Documented rights are issued either indivdiually or jointly. Total population is restricted to household head and wife due to data limitations.,E,G,FEMALE,PERCENT
53117,1,1.4,1.4.2,SP_LGL_LNDDOC,"Proportion of people with legally recognized documentation of their rights to land out of total adult population, by sex (%)",854,Burkina Faso,2018,13.2,2018,UEMOA CIV1,Documented rights are issued either indivdiually or jointly. Total population is restricted to household head and wife due to data limitations.,E,G,FEMALE,PERCENT
53118,1,1.4,1.4.2,SP_LGL_LNDDOC,"Proportion of people with legally recognized documentation of their rights to land out of total adult population, by sex (%)",854,Burkina Faso,2018,24.6,2018,UEMOA CIV1,Total population is restricted to household head and wife due to data limitations.,E,G,BOTHSEX,PERCENT
53119,1,1.4,1.4.2,SP_LGL_LNDDOC,"Proportion of people with legally recognized documentation of their rights to land out of total adult population, by sex (%)",894,Zambia,2018,10.3,2018,Demographic and Health Survey,Total population is restricted to household head and wife due to data limitations.,E,G,BOTHSEX,PERCENT
53120,1,1.4,1.4.2,SP_LGL_LNDDOC,"Proportion of people with legally recognized documentation of their rights to land out of total adult population, by sex (%)",894,Zambia,2018,3.9,2018,Demographic and Health Survey,Documented rights are issued either indivdiually or jointly. Total population is restricted to household head and wife due to data limitations.,E,G,FEMALE,PERCENT
53121,1,1.4,1.4.2,SP_LGL_LNDSEC,"Proportion of people who perceive their rights to land as secure out of total adult population, by sex (%)",56,Belgium,2011,93.9,2011,Census & Administrative Data.,Total population is restricted to household head and wife of rural population due to data limitations.,E,G,BOTHSEX,PERCENT
53122,1,1.4,1.4.2,SP_LGL_LNDSEC,"Proportion of people who perceive their rights to land as secure out of total adult population, by sex (%)",188,Costa Rica,2011,97.8,2011,Census & Administrative Data.,Total population is restricted to household head and wife of rural population due to data limitations.,E,G,BOTHSEX,PERCENT
53123,1,1.4,1.4.2,SP_LGL_LNDSEC,"Proportion of people who perceive their rights to land as secure out of total adult population, by sex (%)",204,Benin,2018,98.5,2018,UEMOA CIV1,Total population is restricted to household head and wife of rural population due to data limitations.,E,G,BOTHSEX,PERCENT
53124,1,1.4,1.4.2,SP_LGL_LNDSEC,"Proportion of people who perceive their rights to land as secure out of total adult population, by sex (%)",384,C么te d'Ivoire,2018,96.7,2018,UEMOA CIV1,Total population is restricted to household head and wife of rural population due to data limitations.,E,G,BOTHSEX,PERCENT
53125,1,1.4,1.4.2,SP_LGL_LNDSEC,"Proportion of people who perceive their rights to land as secure out of total adult population, by sex (%)",410,Republic of Korea,2016,96.0,2016,Census & Administrative Data.,Total population is restricted to household head and wife of rural population due to data limitations.,E,G,BOTHSEX,PERCENT
53126,1,1.4,1.4.2,SP_LGL_LNDSEC,"Proportion of people who perceive their rights to land as secure out of total adult population, by sex (%)",426,Lesotho,2013,92.9,2013,MCC/SHPS,Total population is restricted to household head and wife of rural population due to data limitations.,E,G,BOTHSEX,PERCENT
53127,1,1.4,1.4.2,SP_LGL_LNDSEC,"Proportion of people who perceive their rights to land as secure out of total adult population, by sex (%)",454,Malawi,2015,69.7,2015,NBS,Total population is restricted to household head and wife of rural population due to data limitations.,E,G,BOTHSEX,PERCENT
53128,1,1.4,1.4.2,SP_LGL_LNDSEC,"Proportion of people who perceive their rights to land as secure out of total adult population, by sex (%)",466,Mali,2018,96.5,2018,UEMOA CIV1,Total population is restricted to household head and wife of rural population due to data limitations.,E,G,BOTHSEX,PERCENT
53129,1,1.4,1.4.2,SP_LGL_LNDSEC,"Proportion of people who perceive their rights to land as secure out of total adult population, by sex (%)",496,Mongolia,2012,96.6,2012,MCC-SHPS,Total population is restricted to household head and wife of rural population due to data limitations.,E,G,BOTHSEX,PERCENT
53130,1,1.4,1.4.2,SP_LGL_LNDSEC,"Proportion of people who perceive their rights to land as secure out of total adult population, by sex (%)",508,Mozambique,2011,81.1,2011,INE,Total population is restricted to household head and wife of rural population due to data limitations.,E,G,BOTHSEX,PERCENT
53131,1,1.4,1.4.2,SP_LGL_LNDSEC,"Proportion of people who perceive their rights to land as secure out of total adult population, by sex (%)",528,Netherlands,2011,96.8,2011,Census & Administrative Data.,Total population is restricted to household head and wife of rural population due to data limitations.,E,G,BOTHSEX,PERCENT
53132,1,1.4,1.4.2,SP_LGL_LNDSEC,"Proportion of people who perceive their rights to land as secure out of total adult population, by sex (%)",554,New Zealand,2013,92.5,2013,Census & Administrative Data.,Total population is restricted to household head and wife of rural population due to data limitations.,E,G,BOTHSEX,PERCENT
53133,1,1.4,1.4.2,SP_LGL_LNDSEC,"Proportion of people who perceive their rights to land as secure out of total adult population, by sex (%)",562,Niger,2018,97.4,2018,UEMOA CIV1,Total population is restricted to household head and wife of rural population due to data limitations.,E,G,BOTHSEX,PERCENT
53134,1,1.4,1.4.2,SP_LGL_LNDSEC,"Proportion of people who perceive their rights to land as secure out of total adult population, by sex (%)",566,Nigeria,2013,74.1,2013,NBS,Total population is restricted to household head and wife of rural population due to data limitations.,E,G,BOTHSEX,PERCENT
53135,1,1.4,1.4.2,SP_LGL_LNDSEC,"Proportion of people who perceive their rights to land as secure out of total adult population, by sex (%)",624,Guinea-Bissau,2018,97.6,2018,UEMOA CIV1,Total population is restricted to household head and wife of rural population due to data limitations.,E,G,BOTHSEX,PERCENT
53136,1,1.4,1.4.2,SP_LGL_LNDSEC,"Proportion of people who perceive their rights to land as secure out of total adult population, by sex (%)",646,Rwanda,2015,96.9,2015,LSMS-ISA,Total population is restricted to household head and wife of rural population due to data limitations.,E,G,BOTHSEX,PERCENT
53137,1,1.4,1.4.2,SP_LGL_LNDSEC,"Proportion of people who perceive their rights to land as secure out of total adult population, by sex (%)",686,Senegal,2018,87.7,2018,UEMOA CIV1,Total population is restricted to household head and wife of rural population due to data limitations.,E,G,BOTHSEX,PERCENT
53138,1,1.4,1.4.2,SP_LGL_LNDSEC,"Proportion of people who perceive their rights to land as secure out of total adult population, by sex (%)",752,Sweden,2011,96.9,2011,Census & Administrative Data.,Total population is restricted to household head and wife of rural population due to data limitations.,E,G,BOTHSEX,PERCENT
53139,1,1.4,1.4.2,SP_LGL_LNDSEC,"Proportion of people who perceive their rights to land as secure out of total adult population, by sex (%)",768,Togo,2018,97.2,2018,UEMOA CIV1,Total population is restricted to household head and wife of rural population due to data limitations.,E,G,BOTHSEX,PERCENT
53140,1,1.4,1.4.2,SP_LGL_LNDSEC,"Proportion of people who perceive their rights to land as secure out of total adult population, by sex (%)",800,Uganda,2014,91.9,2014,LSMS-ISA,Total population is restricted to household head and wife of rural population due to data limitations.,E,G,BOTHSEX,PERCENT
53141,1,1.4,1.4.2,SP_LGL_LNDSEC,"Proportion of people who perceive their rights to land as secure out of total adult population, by sex (%)",834,United Republic of Tanzania,2013,96.0,2013,LSMS-ISA,Total population is restricted to household head and wife of rural population due to data limitations.,E,G,BOTHSEX,PERCENT
53142,1,1.4,1.4.2,SP_LGL_LNDSEC,"Proportion of people who perceive their rights to land as secure out of total adult population, by sex (%)",854,Burkina Faso,2018,96.4,2018,UEMOA CIV1,Total population is restricted to household head and wife of rural population due to data limitations.,E,G,BOTHSEX,PERCENT
53143,1,1.4,1.4.2,SP_LGL_LNDSTR,"Proportion of people with secure tenure rights to land out of total adult population, by sex (%)",4,Afghanistan,2015,79.4,2015,Demographic and Health Survey,Total population is restricted to household head and wife due to data limitations.,E,G,BOTHSEX,PERCENT
53144,1,1.4,1.4.2,SP_LGL_LNDSTR,"Proportion of people with secure tenure rights to land out of total adult population, by sex (%)",4,Afghanistan,2015,54.7,2015,Demographic and Health Survey,Total population is restricted to household head and wife due to data limitations.,E,G,FEMALE,PERCENT
53145,1,1.4,1.4.2,SP_LGL_LNDSTR,"Proportion of people with secure tenure rights to land out of total adult population, by sex (%)",8,Albania,2018,70.0,2018,Demographic and Health Survey,Total population is restricted to household head and wife due to data limitations.,E,G,FEMALE,PERCENT
53146,1,1.4,1.4.2,SP_LGL_LNDSTR,"Proportion of people with secure tenure rights to land out of total adult population, by sex (%)",8,Albania,2018,65.2,2018,Demographic and Health Survey,Total population is restricted to household head and wife due to data limitations.,E,G,BOTHSEX,PERCENT
53147,1,1.4,1.4.2,SP_LGL_LNDSTR,"Proportion of people with secure tenure rights to land out of total adult population, by sex (%)",51,Armenia,2016,65.9,2016,Demographic and Health Survey,Total population is restricted to household head and wife due to data limitations.,E,G,FEMALE,PERCENT
53148,1,1.4,1.4.2,SP_LGL_LNDSTR,"Proportion of people with secure tenure rights to land out of total adult population, by sex (%)",51,Armenia,2016,67.3,2016,Demographic and Health Survey,Total population is restricted to household head and wife due to data limitations.,E,G,BOTHSEX,PERCENT
53149,1,1.4,1.4.2,SP_LGL_LNDSTR,"Proportion of people with secure tenure rights to land out of total adult population, by sex (%)",56,Belgium,2011,99.0,2011,Census data,Total population restricted to household head and wife due to data limitations. Documented ownership and rental used to produce the estimates.,E,G,BOTHSEX,PERCENT
53150,1,1.4,1.4.2,SP_LGL_LNDSTR,"Proportion of people with secure tenure rights to land out of total adult population, by sex (%)",108,Burundi,2016,89.7,2016,Demographic and Health Survey,Total population is restricted to household head and wife due to data limitations.,E,G,BOTHSEX,PERCENT
53151,1,1.4,1.4.2,SP_LGL_LNDSTR,"Proportion of people with secure tenure rights to land out of total adult population, by sex (%)",108,Burundi,2016,40.1,2016,Demographic and Health Survey,Total population is restricted to household head and wife due to data limitations.,E,G,FEMALE,PERCENT
53152,1,1.4,1.4.2,SP_LGL_LNDSTR,"Proportion of people with secure tenure rights to land out of total adult population, by sex (%)",120,Cameroon,2018,77.7,2018,Demographic and Health Survey,Total population is restricted to household head and wife due to data limitations.,E,G,FEMALE,PERCENT
53153,1,1.4,1.4.2,SP_LGL_LNDSTR,"Proportion of people with secure tenure rights to land out of total adult population, by sex (%)",120,Cameroon,2018,64.3,2018,Demographic and Health Survey,Total population is restricted to household head and wife due to data limitations.,E,G,BOTHSEX,PERCENT
53154,1,1.4,1.4.2,SP_LGL_LNDSTR,"Proportion of people with secure tenure rights to land out of total adult population, by sex (%)",188,Costa Rica,2011,97.8,2011,Census data,Total population restricted to household head and wife due to data limitations. Documented ownership and rental used to produce the estimates.,E,G,BOTHSEX,PERCENT
53155,1,1.4,1.4.2,SP_LGL_LNDSTR,"Proportion of people with secure tenure rights to land out of total adult population, by sex (%)",204,Benin,2018,59.2,2018,UEMOA CIV1,Total population is restricted to household head and wife due to data limitations.,E,G,BOTHSEX,PERCENT
53156,1,1.4,1.4.2,SP_LGL_LNDSTR,"Proportion of people with secure tenure rights to land out of total adult population, by sex (%)",231,Ethiopia,2016,74.1,2016,Demographic and Health Survey,Total population is restricted to household head and wife due to data limitations.,E,G,BOTHSEX,PERCENT
53157,1,1.4,1.4.2,SP_LGL_LNDSTR,"Proportion of people with secure tenure rights to land out of total adult population, by sex (%)",324,Guinea,2018,73.0,2018,Demographic and Health Survey,Total population is restricted to household head and wife due to data limitations.,E,G,BOTHSEX,PERCENT
53158,1,1.4,1.4.2,SP_LGL_LNDSTR,"Proportion of people with secure tenure rights to land out of total adult population, by sex (%)",360,Indonesia,2017,68.4,2017,Demographic and Health Survey,Total population is restricted to household head and wife due to data limitations.,E,G,BOTHSEX,PERCENT
53159,1,1.4,1.4.2,SP_LGL_LNDSTR,"Proportion of people with secure tenure rights to land out of total adult population, by sex (%)",360,Indonesia,2017,49.3,2017,Demographic and Health Survey,Total population is restricted to household head and wife due to data limitations.,E,G,FEMALE,PERCENT
53160,1,1.4,1.4.2,SP_LGL_LNDSTR,"Proportion of people with secure tenure rights to land out of total adult population, by sex (%)",384,C么te d'Ivoire,2018,61.3,2018,UEMOA CIV1,Total population is restricted to household head and wife due to data limitations.,E,G,BOTHSEX,PERCENT
53161,1,1.4,1.4.2,SP_LGL_LNDSTR,"Proportion of people with secure tenure rights to land out of total adult population, by sex (%)",410,Republic of Korea,2016,96.0,2016,Census data,Total population restricted to household head and wife due to data limitations. Documented ownership and rental used to produce the estimates.,E,G,BOTHSEX,PERCENT
53162,1,1.4,1.4.2,SP_LGL_LNDSTR,"Proportion of people with secure tenure rights to land out of total adult population, by sex (%)",426,Lesotho,2013,91.4,2013,MCC/SHPS,Total population is restricted to household head and wife due to data limitations.,E,G,BOTHSEX,PERCENT
53163,1,1.4,1.4.2,SP_LGL_LNDSTR,"Proportion of people with secure tenure rights to land out of total adult population, by sex (%)",454,Malawi,2015,86.8,2015,NBS,Total population is restricted to household head and wife due to data limitations.,E,G,BOTHSEX,PERCENT
53164,1,1.4,1.4.2,SP_LGL_LNDSTR,"Proportion of people with secure tenure rights to land out of total adult population, by sex (%)",466,Mali,2018,81.4,2018,UEMOA CIV1,Total population is restricted to household head and wife due to data limitations.,E,G,BOTHSEX,PERCENT
53165,1,1.4,1.4.2,SP_LGL_LNDSTR,"Proportion of people with secure tenure rights to land out of total adult population, by sex (%)",496,Mongolia,2012,80.9,2012,MCC-SHPS,Total population is restricted to household head and wife due to data limitations.,E,G,BOTHSEX,PERCENT
53166,1,1.4,1.4.2,SP_LGL_LNDSTR,"Proportion of people with secure tenure rights to land out of total adult population, by sex (%)",508,Mozambique,2011,88.2,2011,INE,Total population is restricted to household head and wife due to data limitations.,E,G,BOTHSEX,PERCENT
53167,1,1.4,1.4.2,SP_LGL_LNDSTR,"Proportion of people with secure tenure rights to land out of total adult population, by sex (%)",528,Netherlands,2011,96.8,2011,Census data,Total population restricted to household head and wife due to data limitations. Documented ownership and rental used to produce the estimates.,E,G,BOTHSEX,PERCENT
53168,1,1.4,1.4.2,SP_LGL_LNDSTR,"Proportion of people with secure tenure rights to land out of total adult population, by sex (%)",554,New Zealand,2013,93.4,2013,Census data,Total population restricted to household head and wife due to data limitations. Documented ownership and rental used to produce the estimates.,E,G,BOTHSEX,PERCENT
53169,1,1.4,1.4.2,SP_LGL_LNDSTR,"Proportion of people with secure tenure rights to land out of total adult population, by sex (%)",562,Niger,2018,78.6,2018,UEMOA CIV1,Total population is restricted to household head and wife due to data limitations.,E,G,BOTHSEX,PERCENT
53170,1,1.4,1.4.2,SP_LGL_LNDSTR,"Proportion of people with secure tenure rights to land out of total adult population, by sex (%)",566,Nigeria,2013,74.1,2013,NBS,Total population is restricted to household head and wife due to data limitations.,E,G,BOTHSEX,PERCENT
53171,1,1.4,1.4.2,SP_LGL_LNDSTR,"Proportion of people with secure tenure rights to land out of total adult population, by sex (%)",566,Nigeria,2018,65.2,2018,Demographic and Health Survey,Total population is restricted to household head and wife due to data limitations.,E,G,BOTHSEX,PERCENT
53172,1,1.4,1.4.2,SP_LGL_LNDSTR,"Proportion of people with secure tenure rights to land out of total adult population, by sex (%)",586,Pakistan,2018,43.7,2018,Demographic and Health Survey,Total population is restricted to household head and wife due to data limitations.,E,G,BOTHSEX,PERCENT
53173,1,1.4,1.4.2,SP_LGL_LNDSTR,"Proportion of people with secure tenure rights to land out of total adult population, by sex (%)",586,Pakistan,2018,96.4,2018,Demographic and Health Survey,Total population is restricted to household head and wife due to data limitations.,E,G,FEMALE,PERCENT
53174,1,1.4,1.4.2,SP_LGL_LNDSTR,"Proportion of people with secure tenure rights to land out of total adult population, by sex (%)",624,Guinea-Bissau,2018,79.3,2018,UEMOA CIV1,Total population is restricted to household head and wife due to data limitations.,E,G,BOTHSEX,PERCENT
53175,1,1.4,1.4.2,SP_LGL_LNDSTR,"Proportion of people with secure tenure rights to land out of total adult population, by sex (%)",646,Rwanda,2015,88.6,2015,LSMS-ISA,Total population is restricted to household head and wife due to data limitations.,E,G,BOTHSEX,PERCENT
53176,1,1.4,1.4.2,SP_LGL_LNDSTR,"Proportion of people with secure tenure rights to land out of total adult population, by sex (%)",686,Senegal,2018,76.9,2018,UEMOA CIV1,Total population is restricted to household head and wife due to data limitations.,E,G,BOTHSEX,PERCENT
53177,1,1.4,1.4.2,SP_LGL_LNDSTR,"Proportion of people with secure tenure rights to land out of total adult population, by sex (%)",710,South Africa,2016,80.5,2016,Demographic and Health Survey,Population is restricted to urban household head and wife due to data limitations.,E,G,FEMALE,PERCENT
53178,1,1.4,1.4.2,SP_LGL_LNDSTR,"Proportion of people with secure tenure rights to land out of total adult population, by sex (%)",710,South Africa,2016,25.4,2016,Demographic and Health Survey,Population is restricted to urban household head and wife due to data limitations.,E,G,BOTHSEX,PERCENT
53179,1,1.4,1.4.2,SP_LGL_LNDSTR,"Proportion of people with secure tenure rights to land out of total adult population, by sex (%)",716,Zimbabwe,2015,65.4,2015,Demographic and Health Survey,Total population is restricted to household head and wife due to data limitations.,E,G,FEMALE,PERCENT
53180,1,1.4,1.4.2,SP_LGL_LNDSTR,"Proportion of people with secure tenure rights to land out of total adult population, by sex (%)",716,Zimbabwe,2015,72.8,2015,Demographic and Health Survey,Total population is restricted to household head and wife due to data limitations.,E,G,BOTHSEX,PERCENT
53181,1,1.4,1.4.2,SP_LGL_LNDSTR,"Proportion of people with secure tenure rights to land out of total adult population, by sex (%)",768,Togo,2018,56.2,2018,UEMOA CIV1,Total population is restricted to household head and wife due to data limitations.,E,G,BOTHSEX,PERCENT
53182,1,1.4,1.4.2,SP_LGL_LNDSTR,"Proportion of people with secure tenure rights to land out of total adult population, by sex (%)",800,Uganda,2014,90.2,2014,LSMS-ISA,Total population is restricted to household head and wife due to data limitations.,E,G,BOTHSEX,PERCENT
53183,1,1.4,1.4.2,SP_LGL_LNDSTR,"Proportion of people with secure tenure rights to land out of total adult population, by sex (%)",834,United Republic of Tanzania,2013,83.9,2013,LSMS-ISA,Total population is restricted to household head and wife due to data limitations.,E,G,BOTHSEX,PERCENT
53184,1,1.4,1.4.2,SP_LGL_LNDSTR,"Proportion of people with secure tenure rights to land out of total adult population, by sex (%)",854,Burkina Faso,2018,77.7,2018,UEMOA CIV1,Total population is restricted to household head and wife due to data limitations.,E,G,BOTHSEX,PERCENT
53185,1,1.4,1.4.2,SP_LGL_LNDSTR,"Proportion of people with secure tenure rights to land out of total adult population, by sex (%)",894,Zambia,2018,59.3,2018,Demographic and Health Survey,Total population is restricted to household head and wife due to data limitations.,E,G,FEMALE,PERCENT
53186,1,1.4,1.4.2,SP_LGL_LNDSTR,"Proportion of people with secure tenure rights to land out of total adult population, by sex (%)",894,Zambia,2018,74.4,2018,Demographic and Health Survey,Total population is restricted to household head and wife due to data limitations.,E,G,BOTHSEX,PERCENT
